country_name,iso2,iso3,sdg_number,sdg_name,pub_share,implementation_deficit,quadrant
Algeria,DZ,DZA,1,No Poverty,0.0036823843852680054,1.4395000000000095,LL
Algeria,DZ,DZA,2,Zero Hunger,0.0036823843852680054,38.77699999999999,LL
Algeria,DZ,DZA,3,Good Health and Well-being,0.06559715887728236,20.270714285714277,LL
Algeria,DZ,DZA,4,Quality Education,0.012202074444607901,33.26375,LL
Algeria,DZ,DZA,5,Gender Equality,0.0068163241953149165,62.39975,LH
Algeria,DZ,DZA,6,Clean Water and Sanitation,0.1552230967910681,40.67919999999999,HL
Algeria,DZ,DZA,7,Affordable and Clean Energy,0.12262252137380865,32.84349999999999,HL
Algeria,DZ,DZA,8,Decent Work and Economic Growth,0.012197783335785388,33.373000000000005,LL
Algeria,DZ,DZA,9,"Industry, Innovation and Infrastructure",0.06313978389158598,54.4725,HL
Algeria,DZ,DZA,10,Reduced Inequalities,0.007503310283948792,2.9849999999999994,LL
Algeria,DZ,DZA,11,Sustainable Cities and Communities,0.06560451506383523,30.427750000000003,HL
Algeria,DZ,DZA,12,Responsible Consumption and Production,0.13323606820002312,12.005571428571429,HH
Algeria,DZ,DZA,13,Climate Action,0.13121413859055475,9.574999999999989,HH
Algeria,DZ,DZA,14,Life Below Water,0.0481433802494564,36.43933333333333,LL
Algeria,DZ,DZA,15,Life on Land,0.12180680202049939,39.25360000000001,HH
Algeria,DZ,DZA,16,"Peace, Justice and Strong Institutions",0.02278640086312586,34.51645454545455,LL
Algeria,DZ,DZA,17,Partnerships for the Goals,0.024541873048567153,26.0548,LL
Angola,AO,AGO,1,No Poverty,0.012187812187812187,67.732,LL
Angola,AO,AGO,2,Zero Hunger,0.012187812187812187,49.58555555555555,LL
Angola,AO,AGO,3,Good Health and Well-being,0.21497668997668998,60.919,LH
Angola,AO,AGO,4,Quality Education,0.07027972027972028,43.47975,HL
Angola,AO,AGO,5,Gender Equality,0.018648018648018648,46.49975000000001,LL
Angola,AO,AGO,6,Clean Water and Sanitation,0.05294705294705295,44.9316,LL
Angola,AO,AGO,7,Affordable and Clean Energy,0.026864801864801866,53.893,HL
Angola,AO,AGO,8,Decent Work and Economic Growth,0.026257076257076257,40.22028571428571,LH
Angola,AO,AGO,9,"Industry, Innovation and Infrastructure",0.06436896436896437,80.32375,HH
Angola,AO,AGO,10,Reduced Inequalities,0.014685314685314687,83.521,LH
Angola,AO,AGO,11,Sustainable Cities and Communities,0.04181651681651681,58.3755,LH
Angola,AO,AGO,12,Responsible Consumption and Production,0.09855144855144855,5.5141428571428435,HL
Angola,AO,AGO,13,Climate Action,0.09035964035964035,5.540999999999997,LH
Angola,AO,AGO,14,Life Below Water,0.05040792540792541,32.8635,LL
Angola,AO,AGO,15,Life on Land,0.10268897768897768,33.6028,LL
Angola,AO,AGO,16,"Peace, Justice and Strong Institutions",0.06113053613053614,58.74972727272728,LH
Angola,AO,AGO,17,Partnerships for the Goals,0.041641691641691646,37.14516666666666,LL
Benin,BJ,BEN,1,No Poverty,0.029472507234938237,32.894499999999994,LL
Benin,BJ,BEN,2,Zero Hunger,0.029472507234938237,46.11533333333333,LL
Benin,BJ,BEN,3,Good Health and Well-being,0.0987331269099226,57.10542857142857,LH
Benin,BJ,BEN,4,Quality Education,0.024449031631352106,51.1815,LL
Benin,BJ,BEN,5,Gender Equality,0.018626677190213124,58.14175,LH
Benin,BJ,BEN,6,Clean Water and Sanitation,0.059477769008155795,49.4148,LH
Benin,BJ,BEN,7,Affordable and Clean Energy,0.008298929431526124,81.53575000000001,LH
Benin,BJ,BEN,8,Decent Work and Economic Growth,0.02453706514479999,24.879142857142853,LL
Benin,BJ,BEN,9,"Industry, Innovation and Infrastructure",0.03535102098638015,71.65642857142856,LL
Benin,BJ,BEN,10,Reduced Inequalities,0.019285410721874834,25.186999999999998,LL
Benin,BJ,BEN,11,Sustainable Cities and Communities,0.037920182947807315,57.419,LH
Benin,BJ,BEN,12,Responsible Consumption and Production,0.14334183312083854,3.8814285714285717,HL
Benin,BJ,BEN,13,Climate Action,0.1729792767085584,1.6673333333333318,HL
Benin,BJ,BEN,14,Life Below Water,0.02608068726853261,40.011,LH
Benin,BJ,BEN,15,Life on Land,0.18528727258008992,35.01079999999999,HL
Benin,BJ,BEN,16,"Peace, Justice and Strong Institutions",0.033206848400218605,49.91719999999999,LL
Benin,BJ,BEN,17,Partnerships for the Goals,0.05347985347985352,31.870400000000004,LL
Botswana,BW,BWA,1,No Poverty,0.025045879451740586,35.0155,LL
Botswana,BW,BWA,2,Zero Hunger,0.025045879451740586,52.63674999999999,LH
Botswana,BW,BWA,3,Good Health and Well-being,0.172140818056113,40.25414285714287,LL
Botswana,BW,BWA,4,Quality Education,0.055835611375555184,30.077249999999992,LL
Botswana,BW,BWA,5,Gender Equality,0.02349617352628193,30.644000000000005,LL
Botswana,BW,BWA,6,Clean Water and Sanitation,0.06924897886359145,23.2106,HL
Botswana,BW,BWA,7,Affordable and Clean Energy,0.026022888748701678,51.31025,LL
Botswana,BW,BWA,8,Decent Work and Economic Growth,0.025509930989658026,34.21128571428571,LL
Botswana,BW,BWA,9,"Industry, Innovation and Infrastructure",0.050968566203411635,46.794875,HL
Botswana,BW,BWA,10,Reduced Inequalities,0.02151953381379316,86.338,HH
Botswana,BW,BWA,11,Sustainable Cities and Communities,0.038740577188991474,23.837500000000006,LL
Botswana,BW,BWA,12,Responsible Consumption and Production,0.08915078409257456,13.454571428571427,LH
Botswana,BW,BWA,13,Climate Action,0.1313049199339845,11.978333333333339,HH
Botswana,BW,BWA,15,Life on Land,0.10604716662524774,32.15299999999999,LL
Botswana,BW,BWA,16,"Peace, Justice and Strong Institutions",0.05820047408766798,34.629599999999996,LL
Botswana,BW,BWA,17,Partnerships for the Goals,0.06767792624878133,23.72083333333333,LL
Burkina Faso,BF,BFA,1,No Poverty,0.02701820612638122,66.96549999999999,LL
Burkina Faso,BF,BFA,2,Zero Hunger,0.02701820612638122,48.29533333333333,LL
Burkina Faso,BF,BFA,3,Good Health and Well-being,0.20040305139396777,49.10392857142857,LL
Burkina Faso,BF,BFA,4,Quality Education,0.04298543116668633,90.91775,LH
Burkina Faso,BF,BFA,5,Gender Equality,0.02926841256733909,56.01875,LL
Burkina Faso,BF,BFA,6,Clean Water and Sanitation,0.06265679682277536,53.718,LH
Burkina Faso,BF,BFA,7,Affordable and Clean Energy,0.01740837953678582,78.25775,LH
Burkina Faso,BF,BFA,8,Decent Work and Economic Growth,0.016981734890487987,29.875,LL
Burkina Faso,BF,BFA,9,"Industry, Innovation and Infrastructure",0.02801452951122648,76.8615,LL
Burkina Faso,BF,BFA,10,Reduced Inequalities,0.019421178876174755,36.8185,LL
Burkina Faso,BF,BFA,11,Sustainable Cities and Communities,0.047210097911997165,56.94925000000001,HH
Burkina Faso,BF,BFA,12,Responsible Consumption and Production,0.10381964924698213,4.608857142857147,HL
Burkina Faso,BF,BFA,13,Climate Action,0.12946502300342091,1.0213333333333168,HL
Burkina Faso,BF,BFA,15,Life on Land,0.11653886988321342,15.845249999999993,HL
Burkina Faso,BF,BFA,16,"Peace, Justice and Strong Institutions",0.039383527977665055,53.5323,LL
Burkina Faso,BF,BFA,17,Partnerships for the Goals,0.0686799575321458,32.9995,LL
Burundi,BI,BDI,1,No Poverty,0.05090501286153459,100.0,HH
Burundi,BI,BDI,2,Zero Hunger,0.05090501286153459,46.23475000000001,HL
Burundi,BI,BDI,3,Good Health and Well-being,0.17371541501976284,46.82214285714286,LL
Burundi,BI,BDI,4,Quality Education,0.054918752744839705,57.32975,LL
Burundi,BI,BDI,5,Gender Equality,0.013877909530083447,38.85599999999999,LL
Burundi,BI,BDI,6,Clean Water and Sanitation,0.049609448522491995,44.5576,LL
Burundi,BI,BDI,7,Affordable and Clean Energy,0.026679841897233204,82.5005,LH
Burundi,BI,BDI,8,Decent Work and Economic Growth,0.033970136144049194,34.924833333333325,HH
Burundi,BI,BDI,9,"Industry, Innovation and Infrastructure",0.040151515151515146,89.0565,LH
Burundi,BI,BDI,10,Reduced Inequalities,0.013877909530083443,37.022,LL
Burundi,BI,BDI,11,Sustainable Cities and Communities,0.052288412071020765,27.138999999999996,HL
Burundi,BI,BDI,12,Responsible Consumption and Production,0.10755379885814667,3.4894285714285758,HL
Burundi,BI,BDI,13,Climate Action,0.09407585168454734,0.2773333333333312,LL
Burundi,BI,BDI,15,Life on Land,0.12187558817993602,18.1276,HL
Burundi,BI,BDI,16,"Peace, Justice and Strong Institutions",0.05573122529644269,52.026,LL
Burundi,BI,BDI,17,Partnerships for the Goals,0.04899460442938704,44.78483333333332,LH
Cabo Verde,CV,CPV,1,No Poverty,0.016,7.663999999999987,LL
Cabo Verde,CV,CPV,2,Zero Hunger,0.016,65.39899999999999,LH
Cabo Verde,CV,CPV,3,Good Health and Well-being,0.2083809523809524,20.46746153846152,LL
Cabo Verde,CV,CPV,4,Quality Education,0.08933333333333333,9.151999999999987,HL
Cabo Verde,CV,CPV,5,Gender Equality,0.008,21.420500000000004,LL
Cabo Verde,CV,CPV,6,Clean Water and Sanitation,0.02704761904761905,46.96225,LL
Cabo Verde,CV,CPV,9,"Industry, Innovation and Infrastructure",0.029333333333333336,59.061,LL
Cabo Verde,CV,CPV,11,Sustainable Cities and Communities,0.05904761904761904,21.938666666666663,HL
Cabo Verde,CV,CPV,12,Responsible Consumption and Production,0.08971428571428572,19.985500000000002,LH
Cabo Verde,CV,CPV,13,Climate Action,0.05904761904761904,2.2450000000000045,LL
Cabo Verde,CV,CPV,14,Life Below Water,0.24666666666666665,41.88680000000001,HH
Cabo Verde,CV,CPV,15,Life on Land,0.021714285714285717,55.736,LH
Cabo Verde,CV,CPV,16,"Peace, Justice and Strong Institutions",0.07333333333333333,20.9195,HL
Cabo Verde,CV,CPV,17,Partnerships for the Goals,0.05638095238095238,28.659333333333322,LL
Cameroon,CM,CMR,1,No Poverty,0.028377278488749928,47.903,LL
Cameroon,CM,CMR,2,Zero Hunger,0.028377278488749928,42.60277777777777,LL
Cameroon,CM,CMR,3,Good Health and Well-being,0.1828534271430505,54.28707692307692,LL
Cameroon,CM,CMR,4,Quality Education,0.04116504526415354,51.0535,LL
Cameroon,CM,CMR,5,Gender Equality,0.02441634335128459,44.37175000000001,LL
Cameroon,CM,CMR,6,Clean Water and Sanitation,0.06595255789114725,43.11959999999999,LL
Cameroon,CM,CMR,7,Affordable and Clean Energy,0.031064334935433476,48.3925,HL
Cameroon,CM,CMR,8,Decent Work and Economic Growth,0.03009897311174169,29.049999999999997,HL
Cameroon,CM,CMR,9,"Industry, Innovation and Infrastructure",0.039465307133527715,76.82114285714286,LL
Cameroon,CM,CMR,10,Reduced Inequalities,0.019202118761299982,57.36,LL
Cameroon,CM,CMR,11,Sustainable Cities and Communities,0.04139908699596584,46.27466666666667,LL
Cameroon,CM,CMR,12,Responsible Consumption and Production,0.09496094478867051,3.8945714285714246,LL
Cameroon,CM,CMR,13,Climate Action,0.10661115615006969,1.6093333333333248,LL
Cameroon,CM,CMR,14,Life Below Water,0.026743248981797838,25.21549999999999,LL
Cameroon,CM,CMR,15,Life on Land,0.10961316360080024,36.727,HL
Cameroon,CM,CMR,16,"Peace, Justice and Strong Institutions",0.054157739301638835,62.41045454545455,LH
Cameroon,CM,CMR,17,Partnerships for the Goals,0.07554199561191849,46.10766666666666,LH
Central African Republic,CF,CAF,1,No Poverty,0.035815602836879436,91.126,HH
Central African Republic,CF,CAF,2,Zero Hunger,0.035815602836879436,60.927,HH
Central African Republic,CF,CAF,3,Good Health and Well-being,0.30939716312056736,88.16484615384616,HH
Central African Republic,CF,CAF,4,Quality Education,0.08368794326241134,80.525,HH
Central African Republic,CF,CAF,5,Gender Equality,0.015957446808510637,69.96775,LH
Central African Republic,CF,CAF,6,Clean Water and Sanitation,0.04379432624113476,59.096,LH
Central African Republic,CF,CAF,7,Affordable and Clean Energy,0.031914893617021274,81.57025,HH
Central African Republic,CF,CAF,9,"Industry, Innovation and Infrastructure",0.019858156028368795,90.068,LH
Central African Republic,CF,CAF,10,Reduced Inequalities,0.015957446808510637,61.3,LH
Central African Republic,CF,CAF,11,Sustainable Cities and Communities,0.029078014184397163,60.46966666666667,LH
Central African Republic,CF,CAF,12,Responsible Consumption and Production,0.07730496453900709,6.331714285714298,LL
Central African Republic,CF,CAF,13,Climate Action,0.07836879432624114,0.4313333333333276,LL
Central African Republic,CF,CAF,15,Life on Land,0.061347517730496466,10.340999999999994,LL
Central African Republic,CF,CAF,16,"Peace, Justice and Strong Institutions",0.01950354609929078,54.7882,LL
Central African Republic,CF,CAF,17,Partnerships for the Goals,0.12092198581560282,51.4975,HH
Chad,TD,TCD,1,No Poverty,0.017530864197530863,72.325,LH
Chad,TD,TCD,2,Zero Hunger,0.017530864197530863,59.8375,LH
Chad,TD,TCD,3,Good Health and Well-being,0.1687654320987654,70.07835714285714,LH
Chad,TD,TCD,4,Quality Education,0.0354320987654321,89.099,LH
Chad,TD,TCD,5,Gender Equality,0.027407407407407408,68.6895,LH
Chad,TD,TCD,6,Clean Water and Sanitation,0.06444444444444444,55.3346,LH
Chad,TD,TCD,7,Affordable and Clean Energy,0.03333333333333333,97.37175,HH
Chad,TD,TCD,8,Decent Work and Economic Growth,0.04259259259259259,31.2675,HL
Chad,TD,TCD,9,"Industry, Innovation and Infrastructure",0.04925925925925925,91.278875,HH
Chad,TD,TCD,10,Reduced Inequalities,0.02950617283950617,37.3185,HL
Chad,TD,TCD,11,Sustainable Cities and Communities,0.03382716049382716,66.36533333333333,LH
Chad,TD,TCD,12,Responsible Consumption and Production,0.11839506172839508,8.801666666666662,HH
Chad,TD,TCD,13,Climate Action,0.13543209876543208,0.8774999999999977,HL
Chad,TD,TCD,15,Life on Land,0.07432098765432099,27.233800000000002,LL
Chad,TD,TCD,16,"Peace, Justice and Strong Institutions",0.07333333333333335,69.47340000000001,HH
Chad,TD,TCD,17,Partnerships for the Goals,0.07,39.01220000000001,LL
Comoros,KM,COM,3,Good Health and Well-being,0.21428571428571427,44.88607142857142,LL
Comoros,KM,COM,8,Decent Work and Economic Growth,0.047619047619047616,46.483,HH
Comoros,KM,COM,9,"Industry, Innovation and Infrastructure",0.047619047619047616,71.32157142857142,LL
Comoros,KM,COM,12,Responsible Consumption and Production,0.11904761904761904,5.900499999999994,HL
Comoros,KM,COM,13,Climate Action,0.21428571428571427,1.3275000000000006,HL
Comoros,KM,COM,15,Life on Land,0.07142857142857142,28.966250000000002,LL
Comoros,KM,COM,16,"Peace, Justice and Strong Institutions",0.21428571428571427,35.586600000000004,HL
Comoros,KM,COM,17,Partnerships for the Goals,0.07142857142857142,30.854249999999993,LL
Congo,CG,COG,1,No Poverty,0.015878842971353984,74.6695,LH
Congo,CG,COG,2,Zero Hunger,0.015878842971353984,53.58266666666667,LH
Congo,CG,COG,3,Good Health and Well-being,0.4168508029741509,48.38721428571429,HL
Congo,CG,COG,4,Quality Education,0.053751485910076204,58.03525,LL
Congo,CG,COG,5,Gender Equality,0.025638067268023205,46.13525,LL
Congo,CG,COG,6,Clean Water and Sanitation,0.022144139104491523,46.8832,LL
Congo,CG,COG,7,Affordable and Clean Energy,0.0020802741067058243,54.84125,LL
Congo,CG,COG,8,Decent Work and Economic Growth,0.02306831690091601,42.26299999999999,LH
Congo,CG,COG,9,"Industry, Innovation and Infrastructure",0.03832948744843016,82.23275,LH
Congo,CG,COG,10,Reduced Inequalities,0.018102463697177346,80.14099999999999,LH
Congo,CG,COG,11,Sustainable Cities and Communities,0.058411999160897836,47.53766666666667,HH
Congo,CG,COG,12,Responsible Consumption and Production,0.036962450178309195,5.010714285714286,LL
Congo,CG,COG,13,Climate Action,0.04099946390695288,6.637333333333331,LH
Congo,CG,COG,14,Life Below Water,0.013950073421439058,28.561000000000007,LL
Congo,CG,COG,15,Life on Land,0.06771437894785914,31.815200000000004,LL
Congo,CG,COG,16,"Peace, Justice and Strong Institutions",0.05727454956529846,52.187,LL
Congo,CG,COG,17,Partnerships for the Goals,0.0929643614665642,43.44066666666667,HH
Cote d'Ivoire,CI,CIV,1,No Poverty,0.02096770807088266,24.052999999999997,LL
Cote d'Ivoire,CI,CIV,2,Zero Hunger,0.02096770807088266,43.27422222222222,LL
Cote d'Ivoire,CI,CIV,3,Good Health and Well-being,0.12072310405643742,51.77978571428571,LL
Cote d'Ivoire,CI,CIV,4,Quality Education,0.039178214495674824,53.208,LL
Cote d'Ivoire,CI,CIV,5,Gender Equality,0.017395649617871836,60.973,LH
Cote d'Ivoire,CI,CIV,6,Clean Water and Sanitation,0.08058327034517507,44.94939999999999,HL
Cote d'Ivoire,CI,CIV,7,Affordable and Clean Energy,0.011790753338372383,50.1125,LL
Cote d'Ivoire,CI,CIV,8,Decent Work and Economic Growth,0.019987402368354744,26.00514285714287,LL
Cote d'Ivoire,CI,CIV,9,"Industry, Innovation and Infrastructure",0.028446921978668015,64.7125,LL
Cote d'Ivoire,CI,CIV,10,Reduced Inequalities,0.018336062820189795,28.11099999999999,LL
Cote d'Ivoire,CI,CIV,11,Sustainable Cities and Communities,0.048815192743764176,40.23325,HL
Cote d'Ivoire,CI,CIV,12,Responsible Consumption and Production,0.10891492399428912,8.543142857142854,HH
Cote d'Ivoire,CI,CIV,13,Climate Action,0.1556890904509952,4.820333333333323,HH
Cote d'Ivoire,CI,CIV,14,Life Below Water,0.0818342151675485,20.821333333333342,HL
Cote d'Ivoire,CI,CIV,15,Life on Land,0.14540018476526417,26.06960000000001,HL
Cote d'Ivoire,CI,CIV,16,"Peace, Justice and Strong Institutions",0.03468400940623164,40.31189999999999,LL
Cote d'Ivoire,CI,CIV,17,Partnerships for the Goals,0.04628558830939782,38.31516666666666,LL
Djibouti,DJ,DJI,1,No Poverty,0.014266666666666665,31.799000000000007,LL
Djibouti,DJ,DJI,2,Zero Hunger,0.014266666666666665,48.379,LL
Djibouti,DJ,DJI,3,Good Health and Well-being,0.21066666666666667,45.67521428571428,LL
Djibouti,DJ,DJI,5,Gender Equality,0.02266666666666667,66.79724999999999,LH
Djibouti,DJ,DJI,6,Clean Water and Sanitation,0.0736,46.1976,HL
Djibouti,DJ,DJI,7,Affordable and Clean Energy,0.0638095238095238,67.85625,HH
Djibouti,DJ,DJI,8,Decent Work and Economic Growth,0.005142857142857143,47.785,LH
Djibouti,DJ,DJI,9,"Industry, Innovation and Infrastructure",0.032266666666666666,71.15585714285714,LL
Djibouti,DJ,DJI,10,Reduced Inequalities,0.0067428571428571425,55.60899999999999,LL
Djibouti,DJ,DJI,11,Sustainable Cities and Communities,0.028,29.87133333333334,LL
Djibouti,DJ,DJI,12,Responsible Consumption and Production,0.09274285714285713,14.296714285714287,LH
Djibouti,DJ,DJI,13,Climate Action,0.08634285714285715,9.322666666666649,LH
Djibouti,DJ,DJI,14,Life Below Water,0.164,41.3035,HH
Djibouti,DJ,DJI,15,Life on Land,0.06074285714285714,65.53,LH
Djibouti,DJ,DJI,16,"Peace, Justice and Strong Institutions",0.014666666666666666,45.574,LL
Djibouti,DJ,DJI,17,Partnerships for the Goals,0.07847619047619048,38.3676,HL
Egypt,EG,EGY,1,No Poverty,0.004070020322885159,9.697000000000003,LL
Egypt,EG,EGY,2,Zero Hunger,0.004047167358855725,41.89544444444444,LL
Egypt,EG,EGY,3,Good Health and Well-being,0.14934603211914232,27.427428571428564,LL
Egypt,EG,EGY,4,Quality Education,0.025800553321562027,35.16275,LL
Egypt,EG,EGY,5,Gender Equality,0.015574823558017033,43.37325,LL
Egypt,EG,EGY,6,Clean Water and Sanitation,0.13571880260191854,39.7322,HL
Egypt,EG,EGY,7,Affordable and Clean Energy,0.08104192796706293,30.4705,HL
Egypt,EG,EGY,8,Decent Work and Economic Growth,0.013253530556815713,34.743428571428566,LH
Egypt,EG,EGY,9,"Industry, Innovation and Infrastructure",0.05975781991824879,44.697875,HL
Egypt,EG,EGY,10,Reduced Inequalities,0.012321051186597555,17.478499999999997,LL
Egypt,EG,EGY,11,Sustainable Cities and Communities,0.03684741255405914,32.71525,LL
Egypt,EG,EGY,12,Responsible Consumption and Production,0.15906363392993889,13.456571428571422,HH
Egypt,EG,EGY,13,Climate Action,0.09409840930085438,5.48599999999999,LH
Egypt,EG,EGY,14,Life Below Water,0.053589936363046334,48.20416666666667,LH
Egypt,EG,EGY,15,Life on Land,0.09823017855867333,42.3985,LH
Egypt,EG,EGY,16,"Peace, Justice and Strong Institutions",0.02628896158307955,43.00145454545453,LL
Egypt,EG,EGY,17,Partnerships for the Goals,0.030949738799242593,32.51183333333334,LL
Eswatini,SZ,SWZ,1,No Poverty,0.026716738197424896,64.2635,LL
Eswatini,SZ,SWZ,2,Zero Hunger,0.026716738197424896,48.63677777777778,LL
Eswatini,SZ,SWZ,3,Good Health and Well-being,0.21509298998569384,56.09478571428571,HL
Eswatini,SZ,SWZ,4,Quality Education,0.0530758226037196,37.93075,LL
Eswatini,SZ,SWZ,5,Gender Equality,0.04864091559370529,25.378,HL
Eswatini,SZ,SWZ,6,Clean Water and Sanitation,0.07600143061516451,64.4945,HH
Eswatini,SZ,SWZ,7,Affordable and Clean Energy,0.002861230329041488,35.24825,LL
Eswatini,SZ,SWZ,8,Decent Work and Economic Growth,0.02067238912732475,49.67675,LH
Eswatini,SZ,SWZ,9,"Industry, Innovation and Infrastructure",0.050751072961373385,60.44885714285714,HL
Eswatini,SZ,SWZ,10,Reduced Inequalities,0.024499284692417734,88.169,HH
Eswatini,SZ,SWZ,11,Sustainable Cities and Communities,0.020743919885550785,13.040666666666667,LL
Eswatini,SZ,SWZ,12,Responsible Consumption and Production,0.07321173104434907,13.386333333333326,LH
Eswatini,SZ,SWZ,13,Climate Action,0.07879113018597998,2.649000000000001,LL
Eswatini,SZ,SWZ,15,Life on Land,0.17821888412017167,57.15975,HH
Eswatini,SZ,SWZ,16,"Peace, Justice and Strong Institutions",0.04041487839771101,40.85142857142856,LL
Eswatini,SZ,SWZ,17,Partnerships for the Goals,0.05357653791130186,32.13066666666667,LL
Ethiopia,ET,ETH,1,No Poverty,0.030315649649831834,41.9995,LL
Ethiopia,ET,ETH,2,Zero Hunger,0.030315649649831834,48.73677777777777,LL
Ethiopia,ET,ETH,3,Good Health and Well-being,0.20499030715143488,49.754,LL
Ethiopia,ET,ETH,4,Quality Education,0.060858290628403505,71.58725,LH
Ethiopia,ET,ETH,5,Gender Equality,0.03151011493473732,46.43825,HL
Ethiopia,ET,ETH,6,Clean Water and Sanitation,0.07460396730783683,60.8304,HH
Ethiopia,ET,ETH,7,Affordable and Clean Energy,0.021602136555257043,64.1755,LL
Ethiopia,ET,ETH,8,Decent Work and Economic Growth,0.02212069325997869,32.33828571428572,LL
Ethiopia,ET,ETH,9,"Industry, Innovation and Infrastructure",0.0399696033794047,77.344375,LL
Ethiopia,ET,ETH,10,Reduced Inequalities,0.016185649525695234,28.345,LL
Ethiopia,ET,ETH,11,Sustainable Cities and Communities,0.035503160102026234,44.591,LL
Ethiopia,ET,ETH,12,Responsible Consumption and Production,0.08848978998719684,2.9208571428571304,LL
Ethiopia,ET,ETH,13,Climate Action,0.08882042338239787,0.5763333333333236,LL
Ethiopia,ET,ETH,15,Life on Land,0.10597526826543902,42.5338,LH
Ethiopia,ET,ETH,16,"Peace, Justice and Strong Institutions",0.05369152449008729,67.4878,LH
Ethiopia,ET,ETH,17,Partnerships for the Goals,0.08926244689285581,45.61766666666667,HH
Gabon,GA,GAB,1,No Poverty,0.015999079189686925,12.1815,LL
Gabon,GA,GAB,2,Zero Hunger,0.015999079189686925,56.498625,LH
Gabon,GA,GAB,3,Good Health and Well-being,0.3996086556169429,43.95014285714285,HL
Gabon,GA,GAB,4,Quality Education,0.03487569060773481,46.011,LL
Gabon,GA,GAB,5,Gender Equality,0.01968232044198895,43.03574999999999,LL
Gabon,GA,GAB,6,Clean Water and Sanitation,0.04751381215469614,32.0406,LL
Gabon,GA,GAB,8,Decent Work and Economic Growth,0.004696132596685083,33.569714285714284,LL
Gabon,GA,GAB,9,"Industry, Innovation and Infrastructure",0.027348066298342542,66.14299999999999,LL
Gabon,GA,GAB,10,Reduced Inequalities,0.013904235727440149,38.1945,LL
Gabon,GA,GAB,11,Sustainable Cities and Communities,0.03906537753222836,26.245999999999995,LL
Gabon,GA,GAB,12,Responsible Consumption and Production,0.032619705340699814,14.898428571428568,LH
Gabon,GA,GAB,13,Climate Action,0.08089318600368324,14.770333333333326,LH
Gabon,GA,GAB,14,Life Below Water,0.04944751381215469,34.1485,LL
Gabon,GA,GAB,15,Life on Land,0.15004604051565376,15.104,HL
Gabon,GA,GAB,16,"Peace, Justice and Strong Institutions",0.0216390423572744,53.3356,LL
Gabon,GA,GAB,17,Partnerships for the Goals,0.04666206261510129,43.745,LH
Gambia,GM,GMB,1,No Poverty,0.03846868644364961,71.038,HL
Gambia,GM,GMB,2,Zero Hunger,0.03846868644364961,49.99355555555556,HL
Gambia,GM,GMB,3,Good Health and Well-being,0.3462234378287399,47.764,HL
Gambia,GM,GMB,4,Quality Education,0.07835402202117962,52.3465,HL
Gambia,GM,GMB,5,Gender Equality,0.049265376253594215,58.35225000000001,HH
Gambia,GM,GMB,6,Clean Water and Sanitation,0.026209762255417626,36.7822,LL
Gambia,GM,GMB,7,Affordable and Clean Energy,0.006921944035346096,65.3635,LL
Gambia,GM,GMB,8,Decent Work and Economic Growth,0.016743810926432425,34.71414285714286,LL
Gambia,GM,GMB,9,"Industry, Innovation and Infrastructure",0.032132337471070894,70.700125,LL
Gambia,GM,GMB,10,Reduced Inequalities,0.027910442527526464,42.2595,HL
Gambia,GM,GMB,11,Sustainable Cities and Communities,0.03375412020478293,31.242333333333335,LL
Gambia,GM,GMB,12,Responsible Consumption and Production,0.044752437057297124,3.80149999999999,LL
Gambia,GM,GMB,13,Climate Action,0.07013289852023286,1.2000000000000028,LL
Gambia,GM,GMB,14,Life Below Water,0.01176099305701662,34.693,LL
Gambia,GM,GMB,15,Life on Land,0.031706290763728155,17.919200000000004,LL
Gambia,GM,GMB,16,"Peace, Justice and Strong Institutions",0.051953152394978594,56.7759,LH
Gambia,GM,GMB,17,Partnerships for the Goals,0.09524160179535734,31.440399999999997,HL
Ghana,GH,GHA,1,No Poverty,0.033650900964101366,39.501,HL
Ghana,GH,GHA,2,Zero Hunger,0.033650900964101366,34.69577777777778,HL
Ghana,GH,GHA,3,Good Health and Well-being,0.16302622766242733,44.65364285714286,LL
Ghana,GH,GHA,4,Quality Education,0.06297402662660703,24.70975,HL
Ghana,GH,GHA,5,Gender Equality,0.030454523339302944,48.51649999999999,LL
Ghana,GH,GHA,6,Clean Water and Sanitation,0.045422898905136115,40.27999999999999,LL
Ghana,GH,GHA,7,Affordable and Clean Energy,0.01727032940037306,46.18575,LL
Ghana,GH,GHA,8,Decent Work and Economic Growth,0.042406619113819946,23.75228571428572,HL
Ghana,GH,GHA,9,"Industry, Innovation and Infrastructure",0.05718774564686852,57.34662499999999,HL
Ghana,GH,GHA,10,Reduced Inequalities,0.02435374729731787,64.785,HH
Ghana,GH,GHA,11,Sustainable Cities and Communities,0.05071748372336317,35.922,HL
Ghana,GH,GHA,12,Responsible Consumption and Production,0.08849625451178089,5.339714285714294,LL
Ghana,GH,GHA,13,Climate Action,0.08456323447529898,2.965666666666664,LH
Ghana,GH,GHA,14,Life Below Water,0.024259927913010595,56.07416666666666,LH
Ghana,GH,GHA,15,Life on Land,0.07758711538421081,27.4944,LL
Ghana,GH,GHA,16,"Peace, Justice and Strong Institutions",0.066512991109745,33.94809090909091,HL
Ghana,GH,GHA,17,Partnerships for the Goals,0.097465072962535,40.61566666666667,HH
Guinea,GN,GIN,1,No Poverty,0.03415032679738562,33.843999999999994,HL
Guinea,GN,GIN,2,Zero Hunger,0.03415032679738562,44.73011111111111,HL
Guinea,GN,GIN,3,Good Health and Well-being,0.5084150326797385,67.97792857142858,HH
Guinea,GN,GIN,4,Quality Education,0.045179738562091495,68.39574999999999,LH
Guinea,GN,GIN,5,Gender Equality,0.039624183006535946,66.74025,HH
Guinea,GN,GIN,6,Clean Water and Sanitation,0.032271241830065356,45.84060000000001,LL
Guinea,GN,GIN,7,Affordable and Clean Energy,0.000980392156862745,67.51124999999999,LH
Guinea,GN,GIN,8,Decent Work and Economic Growth,0.006862745098039216,26.87428571428572,LL
Guinea,GN,GIN,9,"Industry, Innovation and Infrastructure",0.020915032679738557,80.60914285714286,LH
Guinea,GN,GIN,10,Reduced Inequalities,0.018790849673202614,8.238499999999988,LL
Guinea,GN,GIN,11,Sustainable Cities and Communities,0.03504901960784313,41.91,LL
Guinea,GN,GIN,12,Responsible Consumption and Production,0.03733660130718954,4.74366666666667,LL
Guinea,GN,GIN,13,Climate Action,0.04599673202614378,1.650666666666666,LL
Guinea,GN,GIN,15,Life on Land,0.03946078431372549,29.72,LL
Guinea,GN,GIN,16,"Peace, Justice and Strong Institutions",0.0375,59.65300000000001,LH
Guinea,GN,GIN,17,Partnerships for the Goals,0.06331699346405227,38.1586,LL
Guinea-Bissau,GW,GNB,1,No Poverty,0.048756130359120346,65.8665,HL
Guinea-Bissau,GW,GNB,2,Zero Hunger,0.048756130359120346,61.217125,HH
Guinea-Bissau,GW,GNB,3,Good Health and Well-being,0.3988292991615252,63.68176923076923,HH
Guinea-Bissau,GW,GNB,4,Quality Education,0.08642224331593104,74.91675000000001,HH
Guinea-Bissau,GW,GNB,5,Gender Equality,0.03134195538680588,61.47525,HH
Guinea-Bissau,GW,GNB,6,Clean Water and Sanitation,0.010771634235089382,60.9035,LH
Guinea-Bissau,GW,GNB,7,Affordable and Clean Energy,0.0015780730897009963,79.3365,LH
Guinea-Bissau,GW,GNB,8,Decent Work and Economic Growth,0.015201313083372877,24.25099999999999,LL
Guinea-Bissau,GW,GNB,9,"Industry, Innovation and Infrastructure",0.017635658914728684,75.289375,LL
Guinea-Bissau,GW,GNB,10,Reduced Inequalities,0.01806676158835627,21.372500000000002,LL
Guinea-Bissau,GW,GNB,11,Sustainable Cities and Communities,0.03717172915677898,48.94125,LH
Guinea-Bissau,GW,GNB,12,Responsible Consumption and Production,0.03708867267837366,5.817000000000007,LL
Guinea-Bissau,GW,GNB,13,Climate Action,0.02411604176554343,0.3499999999999943,LL
Guinea-Bissau,GW,GNB,14,Life Below Water,0.012944945420028473,23.027,LL
Guinea-Bissau,GW,GNB,15,Life on Land,0.060813162474292026,33.68933333333332,LL
Guinea-Bissau,GW,GNB,16,"Peace, Justice and Strong Institutions",0.05203686125613033,49.10585714285714,LL
Guinea-Bissau,GW,GNB,17,Partnerships for the Goals,0.09846938775510208,48.511,HH
Kenya,KE,KEN,1,No Poverty,0.03587473579108374,61.2945,HL
Kenya,KE,KEN,2,Zero Hunger,0.03584685178853434,47.31466666666667,HL
Kenya,KE,KEN,3,Good Health and Well-being,0.16597303054789916,43.21992857142857,LL
Kenya,KE,KEN,4,Quality Education,0.05034136414095805,37.2985,LL
Kenya,KE,KEN,5,Gender Equality,0.03528667993892658,30.646500000000003,HL
Kenya,KE,KEN,6,Clean Water and Sanitation,0.055676809381398566,37.84399999999999,LL
Kenya,KE,KEN,7,Affordable and Clean Energy,0.01079416404314827,55.19925,LL
Kenya,KE,KEN,8,Decent Work and Economic Growth,0.023926820072852552,23.154142857142844,LL
Kenya,KE,KEN,9,"Industry, Innovation and Infrastructure",0.040291172936368996,64.12174999999999,LL
Kenya,KE,KEN,10,Reduced Inequalities,0.021325761024613765,42.2435,HL
Kenya,KE,KEN,11,Sustainable Cities and Communities,0.04057444689764246,39.26900000000001,LL
Kenya,KE,KEN,12,Responsible Consumption and Production,0.09553116030320849,5.948142857142869,LL
Kenya,KE,KEN,13,Climate Action,0.12040425748300931,1.8250000000000028,HL
Kenya,KE,KEN,14,Life Below Water,0.03187390455704268,29.388333333333335,LL
Kenya,KE,KEN,15,Life on Land,0.10951859163648069,40.0776,HH
Kenya,KE,KEN,16,"Peace, Justice and Strong Institutions",0.05946557774204799,48.6465,LL
Kenya,KE,KEN,17,Partnerships for the Goals,0.06729467171478441,39.71683333333333,LL
Lesotho,LS,LSO,1,No Poverty,0.047603121516165005,67.602,HL
Lesotho,LS,LSO,2,Zero Hunger,0.047603121516165005,57.710375,HH
Lesotho,LS,LSO,3,Good Health and Well-being,0.1693979933110368,63.86578571428571,LH
Lesotho,LS,LSO,4,Quality Education,0.09785793916228697,64.01124999999999,HH
Lesotho,LS,LSO,5,Gender Equality,0.012740882306099698,27.707750000000004,LL
Lesotho,LS,LSO,6,Clean Water and Sanitation,0.05624303232998886,49.611,LH
Lesotho,LS,LSO,7,Affordable and Clean Energy,0.01516164994425864,77.95375,LH
Lesotho,LS,LSO,8,Decent Work and Economic Growth,0.045628284758719544,45.8095,HH
Lesotho,LS,LSO,9,"Industry, Innovation and Infrastructure",0.03695652173913044,75.632375,LL
Lesotho,LS,LSO,10,Reduced Inequalities,0.03494983277591974,72.538,HH
Lesotho,LS,LSO,11,Sustainable Cities and Communities,0.03361204013377926,21.441666666666663,LL
Lesotho,LS,LSO,12,Responsible Consumption and Production,0.0848702022615066,1.6763333333333321,LL
Lesotho,LS,LSO,13,Climate Action,0.0868211498646281,4.194999999999993,LH
Lesotho,LS,LSO,15,Life on Land,0.07773530817009076,21.02433333333333,LL
Lesotho,LS,LSO,16,"Peace, Justice and Strong Institutions",0.07909698996655518,51.31471428571428,HL
Lesotho,LS,LSO,17,Partnerships for the Goals,0.06424589902850773,19.076000000000008,LL
Liberia,LR,LBR,1,No Poverty,0.031397114654517846,71.294,LL
Liberia,LR,LBR,2,Zero Hunger,0.031397114654517846,63.565,LH
Liberia,LR,LBR,3,Good Health and Well-being,0.1995850959973967,56.17114285714285,LH
Liberia,LR,LBR,4,Quality Education,0.049989152836533234,61.22325,LH
Liberia,LR,LBR,5,Gender Equality,0.020652999240698557,62.5465,LH
Liberia,LR,LBR,6,Clean Water and Sanitation,0.06219221173663086,45.3334,LL
Liberia,LR,LBR,7,Affordable and Clean Energy,0.06057869617095129,77.024,HH
Liberia,LR,LBR,8,Decent Work and Economic Growth,0.011074953899555266,29.791285714285706,LL
Liberia,LR,LBR,9,"Industry, Innovation and Infrastructure",0.05987905412734566,82.876,HH
Liberia,LR,LBR,10,Reduced Inequalities,0.0126044039483675,27.8925,LL
Liberia,LR,LBR,11,Sustainable Cities and Communities,0.053161948150558615,58.516,HH
Liberia,LR,LBR,12,Responsible Consumption and Production,0.09283816032107606,2.7881428571428586,LL
Liberia,LR,LBR,13,Climate Action,0.1122356003904979,0.556666666666672,LL
Liberia,LR,LBR,14,Life Below Water,0.006492027334851935,16.937333333333328,LL
Liberia,LR,LBR,15,Life on Land,0.10221553313808439,49.3908,LH
Liberia,LR,LBR,16,"Peace, Justice and Strong Institutions",0.03782134721770257,56.69081818181817,LH
Liberia,LR,LBR,17,Partnerships for the Goals,0.055884586180713715,44.5928,LH
Madagascar,MG,MDG,1,No Poverty,0.025336468299010862,95.7315,LH
Madagascar,MG,MDG,2,Zero Hunger,0.025336468299010862,51.15711111111111,LL
Madagascar,MG,MDG,3,Good Health and Well-being,0.16113453326847194,69.254,LH
Madagascar,MG,MDG,4,Quality Education,0.038662774985135935,44.51025,LL
Madagascar,MG,MDG,5,Gender Equality,0.016628830874006812,37.39775,LL
Madagascar,MG,MDG,6,Clean Water and Sanitation,0.03822496081292903,54.5002,LH
Madagascar,MG,MDG,7,Affordable and Clean Energy,0.0029701097237987135,61.4745,LL
Madagascar,MG,MDG,8,Decent Work and Economic Growth,0.0150154045727258,33.71114285714286,LL
Madagascar,MG,MDG,9,"Industry, Innovation and Infrastructure",0.020725906707745528,90.820125,LH
Madagascar,MG,MDG,10,Reduced Inequalities,0.01401816118047673,59.3925,LL
Madagascar,MG,MDG,11,Sustainable Cities and Communities,0.027468785471055614,42.15325,LL
Madagascar,MG,MDG,12,Responsible Consumption and Production,0.06979352467434195,3.4117142857142824,LL
Madagascar,MG,MDG,13,Climate Action,0.1343846278579536,0.6066666666666691,HL
Madagascar,MG,MDG,14,Life Below Water,0.06870979947029891,33.3925,HL
Madagascar,MG,MDG,15,Life on Land,0.26274525701313445,51.707,HH
Madagascar,MG,MDG,16,"Peace, Justice and Strong Institutions",0.03045781309118426,59.8937,LH
Madagascar,MG,MDG,17,Partnerships for the Goals,0.04838657369871899,43.05516666666667,LH
Malawi,MW,MWI,1,No Poverty,0.03745986471472143,100.0,HH
Malawi,MW,MWI,2,Zero Hunger,0.03745986471472143,45.00733333333333,HL
Malawi,MW,MWI,3,Good Health and Well-being,0.30929951690821184,47.36428571428572,HL
Malawi,MW,MWI,4,Quality Education,0.08441778139974261,46.34266666666667,HL
Malawi,MW,MWI,5,Gender Equality,0.0344626888683319,40.23575,HL
Malawi,MW,MWI,6,Clean Water and Sanitation,0.04117849678672999,37.7096,LL
Malawi,MW,MWI,7,Affordable and Clean Energy,0.004505858772741298,58.9445,LL
Malawi,MW,MWI,8,Decent Work and Economic Growth,0.018995492122226662,31.761428571428567,LL
Malawi,MW,MWI,9,"Industry, Innovation and Infrastructure",0.03643947403198108,82.61212499999999,LH
Malawi,MW,MWI,10,Reduced Inequalities,0.020506989413094912,41.1805,HL
Malawi,MW,MWI,11,Sustainable Cities and Communities,0.0386660646373876,42.232,LL
Malawi,MW,MWI,12,Responsible Consumption and Production,0.061017931172880235,2.699857142857141,LL
Malawi,MW,MWI,13,Climate Action,0.05146622273125517,0.7980000000000018,LL
Malawi,MW,MWI,15,Life on Land,0.05826529913023903,39.60659999999999,LH
Malawi,MW,MWI,16,"Peace, Justice and Strong Institutions",0.06672950041358915,40.26554545454545,HL
Malawi,MW,MWI,17,Partnerships for the Goals,0.08382125848592087,39.22816666666666,HL
Mali,ML,MLI,1,No Poverty,0.033984980130666115,56.857,HL
Mali,ML,MLI,2,Zero Hunger,0.033984980130666115,46.19577777777777,HL
Mali,ML,MLI,3,Good Health and Well-being,0.17868929750117868,57.81114285714285,LH
Mali,ML,MLI,4,Quality Education,0.03767427763184481,89.756,LH
Mali,ML,MLI,5,Gender Equality,0.021204620462046204,58.05475,LH
Mali,ML,MLI,6,Clean Water and Sanitation,0.04835320266720549,36.6862,LL
Mali,ML,MLI,7,Affordable and Clean Energy,0.002535865831481107,68.4845,LH
Mali,ML,MLI,8,Decent Work and Economic Growth,0.02013201320132013,28.98185714285715,LL
Mali,ML,MLI,9,"Industry, Innovation and Infrastructure",0.028174041893985313,78.428875,LL
Mali,ML,MLI,10,Reduced Inequalities,0.011963696369636964,29.736999999999995,LL
Mali,ML,MLI,11,Sustainable Cities and Communities,0.030386610089580383,44.03775,LL
Mali,ML,MLI,12,Responsible Consumption and Production,0.12096214723513166,5.269571428571425,HL
Mali,ML,MLI,13,Climate Action,0.1957954468916279,1.1936666666666724,HL
Mali,ML,MLI,15,Life on Land,0.11530443860712603,14.199250000000006,HL
Mali,ML,MLI,16,"Peace, Justice and Strong Institutions",0.051060820367751066,54.56755555555556,LL
Mali,ML,MLI,17,Partnerships for the Goals,0.06448945914999664,39.1765,LL
Mauritania,MR,MRT,1,No Poverty,0.0024330900243309003,21.237499999999997,LL
Mauritania,MR,MRT,2,Zero Hunger,0.0024330900243309003,61.07655555555555,LH
Mauritania,MR,MRT,3,Good Health and Well-being,0.08941605839416059,41.21535714285712,LL
Mauritania,MR,MRT,4,Quality Education,0.014598540145985401,59.493,LH
Mauritania,MR,MRT,5,Gender Equality,0.004866180048661801,67.29525000000001,LH
Mauritania,MR,MRT,6,Clean Water and Sanitation,0.11496350364963503,38.424,HL
Mauritania,MR,MRT,7,Affordable and Clean Energy,0.016058394160583942,63.452,LL
Mauritania,MR,MRT,8,Decent Work and Economic Growth,0.0051094890510948905,47.57571428571428,LH
Mauritania,MR,MRT,9,"Industry, Innovation and Infrastructure",0.020316301703163016,81.0085,LH
Mauritania,MR,MRT,11,Sustainable Cities and Communities,0.041970802919708027,43.62333333333333,LL
Mauritania,MR,MRT,12,Responsible Consumption and Production,0.08357664233576641,10.076571428571441,LH
Mauritania,MR,MRT,13,Climate Action,0.17116788321167883,3.6000000000000085,HH
Mauritania,MR,MRT,14,Life Below Water,0.33965936739659375,27.91883333333334,HL
Mauritania,MR,MRT,15,Life on Land,0.06070559610705596,50.8325,LH
Mauritania,MR,MRT,16,"Peace, Justice and Strong Institutions",0.01788321167883212,51.30054545454546,LL
Mauritania,MR,MRT,17,Partnerships for the Goals,0.01484184914841849,31.6276,LL
Mauritius,MU,MUS,1,No Poverty,0.011307739879168449,1.8114999999999952,LL
Mauritius,MU,MUS,2,Zero Hunger,0.011307739879168449,36.77733333333333,LL
Mauritius,MU,MUS,3,Good Health and Well-being,0.10654345654345654,20.584642857142867,LL
Mauritius,MU,MUS,4,Quality Education,0.0278055278055278,8.528999999999996,LL
Mauritius,MU,MUS,5,Gender Equality,0.013379477665191953,44.04425000000001,LL
Mauritius,MU,MUS,6,Clean Water and Sanitation,0.047036297036297046,21.631,LL
Mauritius,MU,MUS,7,Affordable and Clean Energy,0.039227439227439244,28.128,HL
Mauritius,MU,MUS,8,Decent Work and Economic Growth,0.039396317967746536,21.252399999999994,HL
Mauritius,MU,MUS,9,"Industry, Innovation and Infrastructure",0.050944293801436696,44.269125,HL
Mauritius,MU,MUS,10,Reduced Inequalities,0.011564625850340137,34.661,LL
Mauritius,MU,MUS,11,Sustainable Cities and Communities,0.0234622520336806,20.179999999999993,LL
Mauritius,MU,MUS,12,Responsible Consumption and Production,0.14515722372865228,28.169333333333327,HH
Mauritius,MU,MUS,13,Climate Action,0.12227058655630078,7.960000000000008,HH
Mauritius,MU,MUS,14,Life Below Water,0.13343323343323343,51.13566666666667,HH
Mauritius,MU,MUS,15,Life on Land,0.07228010085152944,63.45366666666667,LH
Mauritius,MU,MUS,16,"Peace, Justice and Strong Institutions",0.051731601731601747,36.70744444444444,LL
Mauritius,MU,MUS,17,Partnerships for the Goals,0.09315208600922885,35.048833333333334,HL
Morocco,MA,MAR,1,No Poverty,0.005667765387942124,7.656499999999994,LL
Morocco,MA,MAR,2,Zero Hunger,0.005667765387942124,38.10375000000001,LL
Morocco,MA,MAR,3,Good Health and Well-being,0.11087663931552003,26.07821428571428,LL
Morocco,MA,MAR,4,Quality Education,0.02210837599644669,14.807249999999982,LL
Morocco,MA,MAR,5,Gender Equality,0.00772073777964794,56.392,LH
Morocco,MA,MAR,6,Clean Water and Sanitation,0.1264272856909087,31.677400000000006,HL
Morocco,MA,MAR,7,Affordable and Clean Energy,0.0722979638590832,30.009,HL
Morocco,MA,MAR,8,Decent Work and Economic Growth,0.02010998901278724,30.578428571428574,LL
Morocco,MA,MAR,9,"Industry, Innovation and Infrastructure",0.06831533300605486,44.690375,HL
Morocco,MA,MAR,10,Reduced Inequalities,0.010124132127077632,46.0575,LL
Morocco,MA,MAR,11,Sustainable Cities and Communities,0.044629512744387465,17.689999999999998,HL
Morocco,MA,MAR,12,Responsible Consumption and Production,0.12797956066733676,10.994142857142862,HH
Morocco,MA,MAR,13,Climate Action,0.1411079162478277,5.0106666666666655,HH
Morocco,MA,MAR,14,Life Below Water,0.0543338710054468,28.873166666666663,LL
Morocco,MA,MAR,15,Life on Land,0.12095686155332706,28.461000000000013,HL
Morocco,MA,MAR,16,"Peace, Justice and Strong Institutions",0.02953253695521736,39.3717,LL
Morocco,MA,MAR,17,Partnerships for the Goals,0.03214375326304632,25.0625,LL
Mozambique,MZ,MOZ,1,No Poverty,0.0367189754689755,98.0105,HH
Mozambique,MZ,MOZ,2,Zero Hunger,0.0367189754689755,51.10388888888889,HL
Mozambique,MZ,MOZ,3,Good Health and Well-being,0.26508071789321774,60.18142857142857,HH
Mozambique,MZ,MOZ,4,Quality Education,0.060329410173160174,46.71466666666666,LL
Mozambique,MZ,MOZ,5,Gender Equality,0.03490079365079367,33.94525,HL
Mozambique,MZ,MOZ,6,Clean Water and Sanitation,0.05040854978354978,46.3756,LL
Mozambique,MZ,MOZ,7,Affordable and Clean Energy,0.010929383116883117,63.175,LL
Mozambique,MZ,MOZ,8,Decent Work and Economic Growth,0.0156351461038961,31.611571428571423,LL
Mozambique,MZ,MOZ,9,"Industry, Innovation and Infrastructure",0.028368506493506505,78.749375,LH
Mozambique,MZ,MOZ,10,Reduced Inequalities,0.017960633116883114,82.1125,LH
Mozambique,MZ,MOZ,11,Sustainable Cities and Communities,0.03519886363636365,41.01224999999999,LL
Mozambique,MZ,MOZ,12,Responsible Consumption and Production,0.056514700577200566,2.383714285714291,LL
Mozambique,MZ,MOZ,13,Climate Action,0.07547168109668109,2.2083333333333286,LL
Mozambique,MZ,MOZ,14,Life Below Water,0.05827651515151514,27.561666666666667,LL
Mozambique,MZ,MOZ,15,Life on Land,0.08775928932178935,37.14919999999999,LL
Mozambique,MZ,MOZ,16,"Peace, Justice and Strong Institutions",0.056087211399711394,56.3707,LH
Mozambique,MZ,MOZ,17,Partnerships for the Goals,0.07364064754689753,27.587833333333336,LL
Namibia,NA,NAM,1,No Poverty,0.025166112956810646,34.324,LL
Namibia,NA,NAM,2,Zero Hunger,0.025166112956810646,58.32525,LH
Namibia,NA,NAM,3,Good Health and Well-being,0.13448228128460693,47.07792857142857,LL
Namibia,NA,NAM,4,Quality Education,0.06226175904878474,22.515500000000003,HL
Namibia,NA,NAM,5,Gender Equality,0.020568864020516407,14.733500000000006,LL
Namibia,NA,NAM,6,Clean Water and Sanitation,0.07303214431427403,38.7214,HL
Namibia,NA,NAM,7,Affordable and Clean Energy,0.0169624643002856,51.74775,LL
Namibia,NA,NAM,8,Decent Work and Economic Growth,0.025225126770414417,35.32000000000001,LH
Namibia,NA,NAM,9,"Industry, Innovation and Infrastructure",0.04421810339802999,59.31699999999999,LL
Namibia,NA,NAM,10,Reduced Inequalities,0.023358541703094947,94.507,HH
Namibia,NA,NAM,11,Sustainable Cities and Communities,0.03741475782479458,21.201333333333324,LL
Namibia,NA,NAM,12,Responsible Consumption and Production,0.0755901381360377,15.171142857142854,LH
Namibia,NA,NAM,13,Climate Action,0.11966398554525848,7.49366666666667,HH
Namibia,NA,NAM,14,Life Below Water,0.06538730547298478,20.86833333333334,HL
Namibia,NA,NAM,15,Life on Land,0.13031780031474038,12.062750000000008,HL
Namibia,NA,NAM,16,"Peace, Justice and Strong Institutions",0.055454042081949054,33.8805,LL
Namibia,NA,NAM,17,Partnerships for the Goals,0.06573045987060669,18.77766666666666,LL
Niger,NE,NER,1,No Poverty,0.016148964595858385,81.175,LH
Niger,NE,NER,2,Zero Hunger,0.016148964595858385,56.99655555555556,LH
Niger,NE,NER,3,Good Health and Well-being,0.10888443553774217,61.27628571428572,LH
Niger,NE,NER,4,Quality Education,0.025851703406813628,94.93625,LH
Niger,NE,NER,5,Gender Equality,0.017601870407481627,59.85925,LH
Niger,NE,NER,6,Clean Water and Sanitation,0.07067468269873078,55.7202,HH
Niger,NE,NER,7,Affordable and Clean Energy,0.018036072144288578,84.8865,LH
Niger,NE,NER,8,Decent Work and Economic Growth,0.004258517034068136,30.578428571428574,LL
Niger,NE,NER,9,"Industry, Innovation and Infrastructure",0.028607214428857716,85.577125,LH
Niger,NE,NER,10,Reduced Inequalities,0.012257849031396125,20.668000000000006,LL
Niger,NE,NER,11,Sustainable Cities and Communities,0.05297261189044755,62.48575,HH
Niger,NE,NER,12,Responsible Consumption and Production,0.10342351369405481,4.633571428571415,HL
Niger,NE,NER,13,Climate Action,0.2888443553774214,0.6906666666666723,HL
Niger,NE,NER,15,Life on Land,0.13004342017368076,27.02225,HL
Niger,NE,NER,16,"Peace, Justice and Strong Institutions",0.04238476953907815,53.57309090909092,LL
Niger,NE,NER,17,Partnerships for the Goals,0.05484301937207747,31.351,LL
Nigeria,NG,NGA,1,No Poverty,0.024952861891298146,68.889,LL
Nigeria,NG,NGA,2,Zero Hunger,0.02495926148172436,46.50188888888889,LL
Nigeria,NG,NGA,3,Good Health and Well-being,0.16042492634006653,63.21249999999999,LH
Nigeria,NG,NGA,4,Quality Education,0.05489592215881718,65.52466666666666,LH
Nigeria,NG,NGA,5,Gender Equality,0.02454866819259506,55.318,LL
Nigeria,NG,NGA,6,Clean Water and Sanitation,0.07426535934023455,38.72080000000001,HL
Nigeria,NG,NGA,7,Affordable and Clean Energy,0.03008683311511937,66.55075,HL
Nigeria,NG,NGA,8,Decent Work and Economic Growth,0.03376183439411394,33.64814285714286,HL
Nigeria,NG,NGA,9,"Industry, Innovation and Infrastructure",0.061639243544401603,64.59225,HL
Nigeria,NG,NGA,10,Reduced Inequalities,0.021298715150628703,27.204000000000008,HL
Nigeria,NG,NGA,11,Sustainable Cities and Communities,0.04102551358790955,71.0945,LH
Nigeria,NG,NGA,12,Responsible Consumption and Production,0.12049284511014906,4.777714285714282,HL
Nigeria,NG,NGA,13,Climate Action,0.08280903880737515,2.5020000000000095,LL
Nigeria,NG,NGA,14,Life Below Water,0.020489427377946536,38.05016666666666,LH
Nigeria,NG,NGA,15,Life on Land,0.08274601900225939,23.87339999999999,LL
Nigeria,NG,NGA,16,"Peace, Justice and Strong Institutions",0.06475214469390844,65.66027272727273,HH
Nigeria,NG,NGA,17,Partnerships for the Goals,0.07685138581145252,34.331,HL
Rwanda,RW,RWA,1,No Poverty,0.039213067116610385,71.4195,HH
Rwanda,RW,RWA,2,Zero Hunger,0.039213067116610385,40.60933333333334,HL
Rwanda,RW,RWA,3,Good Health and Well-being,0.23067311898512688,36.55914285714285,HL
Rwanda,RW,RWA,4,Quality Education,0.08181008623922019,37.43675,HL
Rwanda,RW,RWA,5,Gender Equality,0.03605486814148231,20.90025,HL
Rwanda,RW,RWA,6,Clean Water and Sanitation,0.03525197371161939,39.58480000000001,LL
Rwanda,RW,RWA,7,Affordable and Clean Energy,0.018359423822022256,65.5945,LL
Rwanda,RW,RWA,8,Decent Work and Economic Growth,0.03011811023622048,26.56885714285714,HL
Rwanda,RW,RWA,9,"Industry, Innovation and Infrastructure",0.05124294359038453,63.97762499999999,HL
Rwanda,RW,RWA,10,Reduced Inequalities,0.02290143419572555,65.0985,HH
Rwanda,RW,RWA,11,Sustainable Cities and Communities,0.0508328386035079,34.29375,HL
Rwanda,RW,RWA,12,Responsible Consumption and Production,0.05840598050243718,6.018000000000015,LL
Rwanda,RW,RWA,13,Climate Action,0.0727260654918135,1.6246666666666698,LL
Rwanda,RW,RWA,15,Life on Land,0.06956786651668541,32.304,LL
Rwanda,RW,RWA,16,"Peace, Justice and Strong Institutions",0.06491727596550431,32.26954545454545,HL
Rwanda,RW,RWA,17,Partnerships for the Goals,0.09303055868016497,33.421499999999995,HL
Sao Tome and Principe,ST,STP,3,Good Health and Well-being,0.3333333333333333,32.452166666666656,HL
Sao Tome and Principe,ST,STP,5,Gender Equality,0.06666666666666667,42.14175,HL
Sao Tome and Principe,ST,STP,6,Clean Water and Sanitation,0.06666666666666667,48.88125,LH
Sao Tome and Principe,ST,STP,11,Sustainable Cities and Communities,0.08333333333333333,45.774,HL
Sao Tome and Principe,ST,STP,12,Responsible Consumption and Production,0.016666666666666666,4.990333333333339,LL
Sao Tome and Principe,ST,STP,13,Climate Action,0.06666666666666667,1.8100000000000023,LL
Sao Tome and Principe,ST,STP,14,Life Below Water,0.2833333333333333,18.26216666666666,HL
Sao Tome and Principe,ST,STP,17,Partnerships for the Goals,0.08333333333333333,31.578799999999987,HL
Senegal,SN,SEN,1,No Poverty,0.02055127047947266,29.55449999999999,LL
Senegal,SN,SEN,2,Zero Hunger,0.02055127047947266,44.43711111111112,LL
Senegal,SN,SEN,3,Good Health and Well-being,0.18499493996334893,43.05185714285714,LL
Senegal,SN,SEN,4,Quality Education,0.027659254396761587,66.485,LH
Senegal,SN,SEN,5,Gender Equality,0.02290076857853998,48.931,LL
Senegal,SN,SEN,6,Clean Water and Sanitation,0.0705779382402013,35.69919999999999,HL
Senegal,SN,SEN,7,Affordable and Clean Energy,0.009860233582232437,56.83725,LL
Senegal,SN,SEN,8,Decent Work and Economic Growth,0.013294220617597989,21.711857142857156,LL
Senegal,SN,SEN,9,"Industry, Innovation and Infrastructure",0.02829928065424908,63.36087499999999,LL
Senegal,SN,SEN,10,Reduced Inequalities,0.014711030879899348,32.0035,LL
Senegal,SN,SEN,11,Sustainable Cities and Communities,0.03792429091108014,32.6465,LL
Senegal,SN,SEN,12,Responsible Consumption and Production,0.06617091983260853,6.034142857142868,LL
Senegal,SN,SEN,13,Climate Action,0.21037239134596955,2.9169999999999874,HL
Senegal,SN,SEN,14,Life Below Water,0.07885314953092093,31.059666666666672,HL
Senegal,SN,SEN,15,Life on Land,0.10657736385766262,33.772999999999996,LL
Senegal,SN,SEN,16,"Peace, Justice and Strong Institutions",0.029534886901342976,46.1561,LL
Senegal,SN,SEN,17,Partnerships for the Goals,0.05716678974863929,25.718000000000004,LL
Sierra Leone,SL,SLE,1,No Poverty,0.028904285863048742,31.189499999999995,LL
Sierra Leone,SL,SLE,2,Zero Hunger,0.028904285863048742,48.32111111111111,LL
Sierra Leone,SL,SLE,3,Good Health and Well-being,0.41439840228499997,56.2535,HH
Sierra Leone,SL,SLE,4,Quality Education,0.06820971125094842,41.83725,HL
Sierra Leone,SL,SLE,5,Gender Equality,0.037266256080689085,49.128,HL
Sierra Leone,SL,SLE,6,Clean Water and Sanitation,0.04552855506463756,48.8884,LH
Sierra Leone,SL,SLE,7,Affordable and Clean Energy,0.006576069978131836,83.35849999999999,LH
Sierra Leone,SL,SLE,8,Decent Work and Economic Growth,0.017357299058329993,32.989428571428576,LL
Sierra Leone,SL,SLE,9,"Industry, Innovation and Infrastructure",0.031744916023266546,86.101875,LH
Sierra Leone,SL,SLE,10,Reduced Inequalities,0.015453132205709529,30.299499999999995,LL
Sierra Leone,SL,SLE,11,Sustainable Cities and Communities,0.03146226625608069,48.297,LH
Sierra Leone,SL,SLE,12,Responsible Consumption and Production,0.05091414885229323,2.4469999999999885,LL
Sierra Leone,SL,SLE,13,Climate Action,0.05006731527350088,0.6410000000000053,LL
Sierra Leone,SL,SLE,14,Life Below Water,0.005975811130450308,20.796333333333337,LL
Sierra Leone,SL,SLE,15,Life on Land,0.04538127965963021,36.2512,LL
Sierra Leone,SL,SLE,16,"Peace, Justice and Strong Institutions",0.06410162002945513,50.09709090909091,HL
Sierra Leone,SL,SLE,17,Partnerships for the Goals,0.0577546451257792,23.213400000000007,LL
Somalia,SO,SOM,1,No Poverty,0.032327284805258344,77.288,LH
Somalia,SO,SOM,2,Zero Hunger,0.032327284805258344,82.108125,LH
Somalia,SO,SOM,3,Good Health and Well-being,0.23474975526186984,77.88192307692307,HH
Somalia,SO,SOM,4,Quality Education,0.06515497168030208,52.92,HL
Somalia,SO,SOM,5,Gender Equality,0.038562862736871525,83.55475,HH
Somalia,SO,SOM,6,Clean Water and Sanitation,0.020723201174743022,52.6186,LH
Somalia,SO,SOM,7,Affordable and Clean Energy,0.028437696664568902,53.44775,HL
Somalia,SO,SOM,8,Decent Work and Economic Growth,0.05352248094538842,39.29399999999999,HH
Somalia,SO,SOM,9,"Industry, Innovation and Infrastructure",0.06489887070834209,89.009375,HH
Somalia,SO,SOM,11,Sustainable Cities and Communities,0.02917453324942311,29.081999999999994,LL
Somalia,SO,SOM,12,Responsible Consumption and Production,0.07468926998112019,5.310999999999993,LL
Somalia,SO,SOM,13,Climate Action,0.08152576742885113,1.6183333333333394,LL
Somalia,SO,SOM,14,Life Below Water,0.007433920704845813,48.956,LH
Somalia,SO,SOM,15,Life on Land,0.0665058387525348,45.8002,LH
Somalia,SO,SOM,16,"Peace, Justice and Strong Institutions",0.07458044891965596,74.74475,HH
Somalia,SO,SOM,17,Partnerships for the Goals,0.07066638696594646,51.7612,LH
South Africa,ZA,ZAF,1,No Poverty,0.029360951995620856,48.057,LL
South Africa,ZA,ZAF,2,Zero Hunger,0.029360951995620856,47.42855555555556,LL
South Africa,ZA,ZAF,3,Good Health and Well-being,0.15744495278880768,42.44821428571428,LL
South Africa,ZA,ZAF,4,Quality Education,0.06184046707818195,16.421999999999997,LL
South Africa,ZA,ZAF,5,Gender Equality,0.027787821932195655,15.557749999999999,LL
South Africa,ZA,ZAF,6,Clean Water and Sanitation,0.06524085917259793,30.7286,LL
South Africa,ZA,ZAF,7,Affordable and Clean Energy,0.0220482109621397,38.498,LL
South Africa,ZA,ZAF,8,Decent Work and Economic Growth,0.034260492268816466,31.682571428571435,HL
South Africa,ZA,ZAF,9,"Industry, Innovation and Infrastructure",0.049500643804948695,34.01899999999999,HL
South Africa,ZA,ZAF,10,Reduced Inequalities,0.03151074371360112,100.0,HH
South Africa,ZA,ZAF,11,Sustainable Cities and Communities,0.042485426535114716,35.828,HL
South Africa,ZA,ZAF,12,Responsible Consumption and Production,0.08178254517578806,18.272857142857134,LH
South Africa,ZA,ZAF,13,Climate Action,0.0977077937113535,15.34866666666666,LH
South Africa,ZA,ZAF,14,Life Below Water,0.037621995827506784,29.94716666666666,LL
South Africa,ZA,ZAF,15,Life on Land,0.09816699252036183,39.4746,LH
South Africa,ZA,ZAF,16,"Peace, Justice and Strong Institutions",0.07186673214860871,46.5290909090909,HL
South Africa,ZA,ZAF,17,Partnerships for the Goals,0.062012418368735486,19.814666666666668,LL
South Sudan,SS,SSD,1,No Poverty,0.024592911877394638,100.0,LH
South Sudan,SS,SSD,2,Zero Hunger,0.024592911877394638,72.9962857142857,LH
South Sudan,SS,SSD,3,Good Health and Well-being,0.18830049261083742,70.49785714285716,LH
South Sudan,SS,SSD,4,Quality Education,0.05726600985221674,98.14675,LH
South Sudan,SS,SSD,5,Gender Equality,0.03319991789819376,45.97225,HL
South Sudan,SS,SSD,6,Clean Water and Sanitation,0.08457854406130269,58.1968,HH
South Sudan,SS,SSD,7,Affordable and Clean Energy,0.0071839080459770105,86.35175,LH
South Sudan,SS,SSD,8,Decent Work and Economic Growth,0.029094827586206896,38.87839999999998,HH
South Sudan,SS,SSD,9,"Industry, Innovation and Infrastructure",0.03200259989053092,98.10342857142857,LH
South Sudan,SS,SSD,10,Reduced Inequalities,0.0020354406130268198,66.3805,LH
South Sudan,SS,SSD,11,Sustainable Cities and Communities,0.010775862068965518,70.685,LH
South Sudan,SS,SSD,12,Responsible Consumption and Production,0.10132731253420908,8.313000000000017,HH
South Sudan,SS,SSD,13,Climate Action,0.10368773946360152,0.8909999999999911,LL
South Sudan,SS,SSD,15,Life on Land,0.1447181171319102,31.782250000000005,HL
South Sudan,SS,SSD,16,"Peace, Justice and Strong Institutions",0.08010057471264369,56.9298,HH
South Sudan,SS,SSD,17,Partnerships for the Goals,0.050680760810071154,56.4704,LH
Sudan,SD,SDN,1,No Poverty,0.018495998950544414,73.20400000000001,LH
Sudan,SD,SDN,2,Zero Hunger,0.018495998950544414,75.21787499999999,LH
Sudan,SD,SDN,3,Good Health and Well-being,0.27212593467138935,49.39707142857144,HL
Sudan,SD,SDN,4,Quality Education,0.04947671520398793,73.842,LH
Sudan,SD,SDN,5,Gender Equality,0.024830512921422004,65.8625,LH
Sudan,SD,SDN,6,Clean Water and Sanitation,0.0691448248720976,65.9822,LH
Sudan,SD,SDN,7,Affordable and Clean Energy,0.04382723337268791,39.677,HL
Sudan,SD,SDN,8,Decent Work and Economic Growth,0.019820280729371642,47.70614285714286,LH
Sudan,SD,SDN,9,"Industry, Innovation and Infrastructure",0.046992260264987505,82.657875,LH
Sudan,SD,SDN,10,Reduced Inequalities,0.015717040535222347,24.9675,LL
Sudan,SD,SDN,11,Sustainable Cities and Communities,0.03346202282565917,55.97625,LH
Sudan,SD,SDN,12,Responsible Consumption and Production,0.09226577462941095,7.428571428571431,LL
Sudan,SD,SDN,13,Climate Action,0.08555844155844153,1.4745000000000061,LL
Sudan,SD,SDN,14,Life Below Water,0.01734199134199134,37.09220000000001,LH
Sudan,SD,SDN,15,Life on Land,0.07900564082382266,50.97375,LH
Sudan,SD,SDN,16,"Peace, Justice and Strong Institutions",0.04537360619178799,60.2993,LH
Sudan,SD,SDN,17,Partnerships for the Goals,0.06806572215663123,54.15450000000001,LH
Tanzania,TZ,TZA,1,No Poverty,0.03344826586423214,73.598,HH
Tanzania,TZ,TZA,2,Zero Hunger,0.03344826586423214,48.52733333333332,HL
Tanzania,TZ,TZA,3,Good Health and Well-being,0.18879822299290028,45.11028571428572,LL
Tanzania,TZ,TZA,4,Quality Education,0.06999910842347831,46.69575,HL
Tanzania,TZ,TZA,5,Gender Equality,0.03071609892338181,32.4785,LL
Tanzania,TZ,TZA,6,Clean Water and Sanitation,0.05517380456456078,48.751,LL
Tanzania,TZ,TZA,7,Affordable and Clean Energy,0.012468426116885494,64.31450000000001,LL
Tanzania,TZ,TZA,8,Decent Work and Economic Growth,0.03151756765902417,23.200285714285698,HL
Tanzania,TZ,TZA,9,"Industry, Innovation and Infrastructure",0.046050899510283065,71.784625,LL
Tanzania,TZ,TZA,10,Reduced Inequalities,0.018717823829868627,49.6225,LL
Tanzania,TZ,TZA,11,Sustainable Cities and Communities,0.04382252667966934,47.12125,HL
Tanzania,TZ,TZA,12,Responsible Consumption and Production,0.08304929145965606,4.94614285714286,LL
Tanzania,TZ,TZA,13,Climate Action,0.07708968202665696,0.9453333333333376,LL
Tanzania,TZ,TZA,14,Life Below Water,0.03229102752211992,29.647833333333324,LL
Tanzania,TZ,TZA,15,Life on Land,0.09539570814080661,39.5142,LH
Tanzania,TZ,TZA,16,"Peace, Justice and Strong Institutions",0.06280708916563255,50.55918181818181,HL
Tanzania,TZ,TZA,17,Partnerships for the Goals,0.0852061912566118,41.5915,HH
Togo,TG,TGO,1,No Poverty,0.02902027680991096,61.7305,LL
Togo,TG,TGO,2,Zero Hunger,0.02902027680991096,45.09444444444445,LL
Togo,TG,TGO,3,Good Health and Well-being,0.11964648664343784,52.27214285714286,LL
Togo,TG,TGO,4,Quality Education,0.04362447977158346,18.659750000000003,LL
Togo,TG,TGO,5,Gender Equality,0.022386154665118077,56.22799999999999,LL
Togo,TG,TGO,6,Clean Water and Sanitation,0.07352914488966315,47.76219999999999,HL
Togo,TG,TGO,7,Affordable and Clean Energy,0.027046130952380946,67.2975,HH
Togo,TG,TGO,8,Decent Work and Economic Growth,0.03755928184281843,25.753,HL
Togo,TG,TGO,9,"Industry, Innovation and Infrastructure",0.05182805845915606,76.2885,HL
Togo,TG,TGO,10,Reduced Inequalities,0.0207546941540844,38.492,HL
Togo,TG,TGO,11,Sustainable Cities and Communities,0.05815730255516843,50.27475,HH
Togo,TG,TGO,12,Responsible Consumption and Production,0.0912489716415021,4.096999999999994,LL
Togo,TG,TGO,13,Climate Action,0.1163602763259775,1.0986666666666594,LL
Togo,TG,TGO,14,Life Below Water,0.025546239837398375,29.123999999999995,LL
Togo,TG,TGO,15,Life on Land,0.13288297280294228,21.412499999999994,HL
Togo,TG,TGO,16,"Peace, Justice and Strong Institutions",0.04826661101432445,57.46810000000001,LH
Togo,TG,TGO,17,Partnerships for the Goals,0.07312264082462251,40.01816666666667,LH
Tunisia,TN,TUN,1,No Poverty,0.006341288380902942,2.373500000000007,LL
Tunisia,TN,TUN,2,Zero Hunger,0.006341288380902942,37.47055555555556,LL
Tunisia,TN,TUN,3,Good Health and Well-being,0.11831928183641233,19.222214285714287,LL
Tunisia,TN,TUN,4,Quality Education,0.01845195608578904,30.031999999999996,LL
Tunisia,TN,TUN,5,Gender Equality,0.01273962475782603,54.43525,LL
Tunisia,TN,TUN,6,Clean Water and Sanitation,0.12909741341218842,30.3112,HL
Tunisia,TN,TUN,7,Affordable and Clean Energy,0.08562193516690311,31.55525,HL
Tunisia,TN,TUN,8,Decent Work and Economic Growth,0.02781064700229579,38.55185714285714,LH
Tunisia,TN,TUN,9,"Industry, Innovation and Infrastructure",0.06231711424430914,45.08749999999998,HL
Tunisia,TN,TUN,10,Reduced Inequalities,0.014024382707466206,22.795,LL
Tunisia,TN,TUN,11,Sustainable Cities and Communities,0.024866205647790206,13.3335,LL
Tunisia,TN,TUN,12,Responsible Consumption and Production,0.14008253226668588,15.852000000000004,HH
Tunisia,TN,TUN,13,Climate Action,0.10751561964088759,6.826000000000008,LH
Tunisia,TN,TUN,14,Life Below Water,0.07003300054691916,36.71816666666666,HH
Tunisia,TN,TUN,15,Life on Land,0.09938884871968454,32.4674,LL
Tunisia,TN,TUN,16,"Peace, Justice and Strong Institutions",0.037151995637006295,40.602,LL
Tunisia,TN,TUN,17,Partnerships for the Goals,0.03989686556603034,18.349666666666664,LL
Uganda,UG,UGA,1,No Poverty,0.03717158303753191,72.8035,HH
Uganda,UG,UGA,2,Zero Hunger,0.03717158303753191,49.09088888888888,HL
Uganda,UG,UGA,3,Good Health and Well-being,0.27618864067005006,42.79842857142857,HL
Uganda,UG,UGA,4,Quality Education,0.07876274627742351,57.1915,HL
Uganda,UG,UGA,5,Gender Equality,0.03931984790595341,38.51075,HL
Uganda,UG,UGA,6,Clean Water and Sanitation,0.04198802393518616,51.27719999999999,LH
Uganda,UG,UGA,7,Affordable and Clean Energy,0.009215583286033375,51.47725,LL
Uganda,UG,UGA,8,Decent Work and Economic Growth,0.024321139829946076,29.176285714285726,LL
Uganda,UG,UGA,9,"Industry, Innovation and Infrastructure",0.04440822821449017,74.5265,LL
Uganda,UG,UGA,10,Reduced Inequalities,0.020193689763161365,60.2525,LH
Uganda,UG,UGA,11,Sustainable Cities and Communities,0.04066750818218509,49.77575,LH
Uganda,UG,UGA,12,Responsible Consumption and Production,0.06482846355644806,4.461857142857156,LL
Uganda,UG,UGA,13,Climate Action,0.066102420627861,0.9886666666666741,LL
Uganda,UG,UGA,15,Life on Land,0.05831984931789245,36.0552,LL
Uganda,UG,UGA,16,"Peace, Justice and Strong Institutions",0.0697136305746875,59.58827272727273,HH
Uganda,UG,UGA,17,Partnerships for the Goals,0.08389553206089444,39.78366666666667,HL
Zambia,ZM,ZMB,1,No Poverty,0.03361922774460827,88.48,HH
Zambia,ZM,ZMB,2,Zero Hunger,0.03361922774460827,52.05311111111111,HL
Zambia,ZM,ZMB,3,Good Health and Well-being,0.2593344580197616,49.92221428571429,HL
Zambia,ZM,ZMB,4,Quality Education,0.07042074694994703,32.82233333333333,HL
Zambia,ZM,ZMB,5,Gender Equality,0.0371031196868451,44.11,HL
Zambia,ZM,ZMB,6,Clean Water and Sanitation,0.04793185103176797,44.794,LL
Zambia,ZM,ZMB,7,Affordable and Clean Energy,0.007541000531590066,54.9785,LL
Zambia,ZM,ZMB,8,Decent Work and Economic Growth,0.021927431365571407,34.766714285714286,LH
Zambia,ZM,ZMB,9,"Industry, Innovation and Infrastructure",0.04322859690974828,72.645875,LL
Zambia,ZM,ZMB,10,Reduced Inequalities,0.02038417267451312,83.803,HH
Zambia,ZM,ZMB,11,Sustainable Cities and Communities,0.0344472561605138,52.91525,LH
Zambia,ZM,ZMB,12,Responsible Consumption and Production,0.061765603925858545,5.508285714285719,LL
Zambia,ZM,ZMB,13,Climate Action,0.05917629899085746,1.3796666666666653,LL
Zambia,ZM,ZMB,15,Life on Land,0.08454357940242238,32.0642,LL
Zambia,ZM,ZMB,16,"Peace, Justice and Strong Institutions",0.061469604909959175,53.73818181818182,HL
Zambia,ZM,ZMB,17,Partnerships for the Goals,0.09446663064155447,31.90983333333334,HL
Zimbabwe,ZW,ZWE,1,No Poverty,0.035835082930925896,76.81,HH
Zimbabwe,ZW,ZWE,2,Zero Hunger,0.035835082930925896,56.25244444444444,HH
Zimbabwe,ZW,ZWE,3,Good Health and Well-being,0.17723891005068873,54.48785714285714,LL
Zimbabwe,ZW,ZWE,4,Quality Education,0.05828641912360159,33.863249999999994,LL
Zimbabwe,ZW,ZWE,5,Gender Equality,0.032986738050248446,26.688249999999996,HL
Zimbabwe,ZW,ZWE,6,Clean Water and Sanitation,0.06295145449879867,45.94,LL
Zimbabwe,ZW,ZWE,7,Affordable and Clean Energy,0.008339931815682395,58.32174999999999,LL
Zimbabwe,ZW,ZWE,8,Decent Work and Economic Growth,0.03210381612229189,33.254428571428576,HL
Zimbabwe,ZW,ZWE,9,"Industry, Innovation and Infrastructure",0.04427747451419508,65.03042857142857,LL
Zimbabwe,ZW,ZWE,10,Reduced Inequalities,0.028848756452682544,76.019,HH
Zimbabwe,ZW,ZWE,11,Sustainable Cities and Communities,0.042352825516797844,35.97325000000001,HL
Zimbabwe,ZW,ZWE,12,Responsible Consumption and Production,0.08440806114593623,3.847714285714275,LL
Zimbabwe,ZW,ZWE,13,Climate Action,0.10473808524039452,2.771666666666661,LL
Zimbabwe,ZW,ZWE,15,Life on Land,0.10139540405706668,23.02239999999999,LL
Zimbabwe,ZW,ZWE,16,"Peace, Justice and Strong Institutions",0.0672910480589465,56.27936363636363,HH
Zimbabwe,ZW,ZWE,17,Partnerships for the Goals,0.07731524249422624,43.30466666666666,HH
